{"Pitch":-1.34999847412109,"Position":[4.72974634170532,-5.98904466629028,0.262917906045914],"Yaw":152.580078125,"event":"save"}