{"Pitch":-12.0999984741211,"Position":[2.17738962173462,-5.98946952819824,1.06158101558685],"Yaw":352.25,"event":"save"}